{
  "schema_version": "imm_ptl:v1",
  "from": [
    "minecraft:overworld",
    "minecraft:the_nether",
    "minecraft:the_end"
  ],
  "to": "imm_ptl:the_same_dimension",
  "reversible": false,
  "form": {
    "type": "imm_ptl:classical",
    "from_frame_block": "minecraft:diamond_block",
    "area_block": "minecraft:air",
    "to_frame_block": "minecraft:diamond_block",
    "generate_frame_if_not_found": false
  },
  "trigger": {
    "type": "imm_ptl:use_item",
    "item": "minecraft:flint_and_steel"
  }
}